N°,Titre Album (DistroKid),Langue / Pays,Statut YouTube
1,Apocalipse PT,PT - Portugais (Brésil),Absent de YouTube
2,Primeiro João PT,PT - Portugais (Brésil),Absent de YouTube
3,Tiago PT,PT - Portugais (Brésil),Absent de YouTube
4,Hebreus PT,PT - Portugais (Brésil),Absent de YouTube
5,Primeiro Timóteo PT,PT - Portugais (Brésil),Absent de YouTube
6,Primeiro Tessalonicenses PT,PT - Portugais (Brésil),Absent de YouTube
7,Efésios PT,PT - Portugais (Brésil),Absent de YouTube
8,Gálatas PT,PT - Portugais (Brésil),Absent de YouTube
9,Primeiro Coríntios PT,PT - Portugais (Brésil),Absent de YouTube
10,Romanos PT,PT - Portugais (Brésil),Absent de YouTube
11,Atos PT,PT - Portugais (Brésil),Absent de YouTube
12,João PT,PT - Portugais (Brésil),Absent de YouTube
13,Lucas PT,PT - Portugais (Brésil),Absent de YouTube
14,Mateus PT,PT - Portugais (Brésil),Absent de YouTube
15,Zacarias PT,PT - Portugais (Brésil),Absent de YouTube
16,Miquéias PT,PT - Portugais (Brésil),Absent de YouTube
17,Amós PT,PT - Portugais (Brésil),Absent de YouTube
18,Joel PT,PT - Portugais (Brésil),Absent de YouTube
19,Ezequiel PT,PT - Portugais (Brésil),Absent de YouTube
"20,""Ezequiel PT, Vol. 2"",PT - Portugais (Brésil),Absent de YouTube"
21,Lamentações PT,PT - Portugais (Brésil),Absent de YouTube
"22,""Jeremias PT, Vol. 2"",PT - Portugais (Brésil),Absent de YouTube"
"23,""Jeremias PT, Vol. 1"",PT - Portugais (Brésil),Absent de YouTube"
24,Isaías PT Vol. 2,PT - Portugais (Brésil),Absent de YouTube
25,Provérbios PT,PT - Portugais (Brésil),Absent de YouTube
26,Jó PT Vol. 2,PT - Portugais (Brésil),Absent de YouTube
27,Jó PT Vol. 1,PT - Portugais (Brésil),Absent de YouTube
28,Ester PT,PT - Portugais (Brésil),Absent de YouTube
"29,""Segundo Crônicas PT, Vol.2"",PT - Portugais (Brésil),Absent de YouTube"
"30,""Segundo Crônicas PT, Vol.1"",PT - Portugais (Brésil),Absent de YouTube"
31,James EN,EN - Anglais,Absent de YouTube
32,Hebrews EN,EN - Anglais,Absent de YouTube
33,Second Corinthians EN,EN - Anglais,Absent de YouTube
34,Acts EN,EN - Anglais,Absent de YouTube
35,Mark EN,EN - Anglais,Absent de YouTube
36,Matthew EN,EN - Anglais,Absent de YouTube
37,Amos EN,EN - Anglais,Absent de YouTube
38,Joel EN,EN - Anglais,Absent de YouTube
39,Hosea EN,EN - Anglais,Absent de YouTube
40,Daniel EN,EN - Anglais,Absent de YouTube
"41,""Ezekiel EN, Vol. 2"",EN - Anglais,Absent de YouTube"
"42,""Ezekiel EN, Vol. 1"",EN - Anglais,Absent de YouTube"
"43,""Jeremiah EN, Vol. 2"",EN - Anglais,Absent de YouTube"
"44,""Jeremiah EN, Vol. 1"",EN - Anglais,Absent de YouTube"
"45,""Isaiah EN, Vol. 2"",EN - Anglais,Absent de YouTube"
"46,""Isaiah EN, Vol. 1"",EN - Anglais,Absent de YouTube"
"47,""Proverbs EN, Vol. 2"",EN - Anglais,Absent de YouTube"
48,Nehemiah EN,EN - Anglais,Absent de YouTube
49,Ezra EN,EN - Anglais,Absent de YouTube
"50,""Second Chronicles EN, Vol. 2"",EN - Anglais,Absent de YouTube"
51,First Chronicles EN,EN - Anglais,Absent de YouTube
52,Second Kings EN,EN - Anglais,Absent de YouTube
53,First Kings EN,EN - Anglais,Absent de YouTube
54,Second Samuel EN,EN - Anglais,Absent de YouTube
"55,""First Samuel EN, Vol. 2"",EN - Anglais,Absent de YouTube"
56,Ruth EN,EN - Anglais,Absent de YouTube
57,Deuteronomy EN,EN - Anglais,Absent de YouTube
"58,""Numbers EN, Vol. 1"",EN - Anglais,Absent de YouTube"
59,Leviticus EN,EN - Anglais,Absent de YouTube
"60,""Exodus EN, Vol. 2"",EN - Anglais,Absent de YouTube"
61,Primeiro Crônicas PT,PT - Portugais (Brésil),Absent de YouTube
62,Segundo Samuel PT,PT - Portugais (Brésil),Absent de YouTube
63,Primeiro Samuel PT,PT - Portugais (Brésil),Absent de YouTube
64,Juízes PT,PT - Portugais (Brésil),Absent de YouTube
65,Josué PT,PT - Portugais (Brésil),Absent de YouTube
66,Números PT Vol.2,PT - Portugais (Brésil),Absent de YouTube
67,Números PT Vol.1,PT - Portugais (Brésil),Absent de YouTube
68,Levítico PT,PT - Portugais (Brésil),Absent de YouTube
69,Êxodo PT - Vol. 2,PT - Portugais (Brésil),Absent de YouTube
70,Êxodo PT - Vol. 1,PT - Portugais (Brésil),Absent de YouTube
71,Gênesis PT Vol. 2,PT - Portugais (Brésil),Absent de YouTube
72,Gênesis PT Vol. 1,PT - Portugais (Brésil),Absent de YouTube
73,Apocalypse - Français,FR - Français,Absent de YouTube
74,Jacques - Français,FR - Français,Absent de YouTube
75,Premier Thessaloniciens - Français,FR - Français,Absent de YouTube
76,Galates - Français,FR - Français,Absent de YouTube
77,Premier Corinthiens - Français,FR - Français,Absent de YouTube
78,Jean - Français,FR - Français,Absent de YouTube
79,Luc - Français,FR - Français,Absent de YouTube
80,Marc - Français,FR - Français,Absent de YouTube
81,Matthieu - Français,FR - Français,Absent de YouTube
82,Zacharie - Français,FR - Français,Absent de YouTube
83,Ézéchiel - Français - Vol.2,FR - Français,Absent de YouTube
84,Ézéchiel - Français - Vol.1,FR - Français,Absent de YouTube
85,Jérémie - Français - Vol.1,FR - Français,Absent de YouTube
86,Ecclésiaste - Français,FR - Français,Absent de YouTube
87,Job - Français - Vol.2,FR - Français,Absent de YouTube
88,Esther - Français,FR - Français,Absent de YouTube
89,Néhémie - Français,FR - Français,Absent de YouTube
90,Deuxième Chroniques - Français - Vol.2,FR - Français,Absent de YouTube
91,Deuxième Chroniques - Français - Vol.1,FR - Français,Absent de YouTube
92,1 Chroniques,FR - Français,Absent de YouTube
93,Premier Roi - Français,FR - Français,Absent de YouTube
94,Second Samuel - Français,FR - Français,Absent de YouTube
95,Juges - Français,FR - Français,Absent de YouTube
96,Deutéronome - Français - Vol.1,FR - Français,Absent de YouTube
97,Lévitique - Français,FR - Français,Absent de YouTube
98,Exode - Français - Vol.2,FR - Français,Absent de YouTube
99,Genèse - Français - Vol.1,FR - Français,Absent de YouTube
"100,""Psalms, Vol. 1"",EN - Anglais,Absent de YouTube"
"101,""Salmos -, Vol. 5"",PT - Portugais (Brésil),Absent de YouTube"
"102,""Salmos -, Vol. 3"",PT - Portugais (Brésil),Absent de YouTube"
103,Salmos - Português - Vol. 1,PT - Portugais (Brésil),Absent de YouTube
104,Psaumes – Français – Vol. 2,FR - Français,Absent de YouTube
